context,mode,samples,spacing,burn,ratio,rank,seeds,ppl_mean,ppl_std_population,ppl_min,ppl_max,decode_seconds_mean,unique_value_fraction_per_head,unique_value_fraction_GQA_group_union,teacher_probability_mass_on_selected_positions,mean_attention_TV,adjacent_sample_repeat_fraction,candidate_token_fraction_per_head,candidate_GQA_union_lower_bound,candidate_GQA_union_upper_bound
2048,block_mean,0,0,0,0.125,64,1,11.969379667068253,0.0,11.969379667068253,11.969379667068253,9.812356173060834,0.12734495703468568,0.32986491386455125,0.7978890969229507,0.20211090434549123,0.0,0.12734497011123888,0.32986491386455125,0.3298650054004236
2048,block_mean,0,0,0,0.25,16,1,12.433739814388396,0.0,12.433739814388396,12.433739814388396,9.817698884988204,0.18415431843617153,0.4624493787354344,0.8105521569239154,0.1894478436796427,0.0,0.18415440653084583,0.4624493787354344,0.46244999539815457
2048,block_mean,0,0,0,0.25,64,3,11.347098503933482,0.06115115278436446,11.274535766283604,11.424125204501472,9.86385648837313,0.15944481771350888,0.4333052032355882,0.8272282915496607,0.1727717097954675,0.0,0.15944483411655372,0.4333052032355882,0.4333053180569021
2048,block_mean,0,0,0,0.5,64,3,10.942898064387514,0.04147502306119392,10.911127055196726,11.001482732184767,9.968683739968887,0.2096685653849464,0.5557776055233247,0.8653111113734278,0.13468888957233127,0.0,0.2096685843115366,0.5557776055233247,0.555777738009456
2048,block_moment,0,0,0,0.125,64,1,11.902972463022175,0.0,11.902972463022175,11.902972463022175,10.02986326511018,0.1304518862016783,0.33830039737745676,0.8022524248697751,0.1977475759035553,0.0,0.1304519151077433,0.33830039737745676,0.33830059971991167
2048,block_moment,0,0,0,0.25,16,1,12.493841779406587,0.0,12.493841779406587,12.493841779406587,9.97580346208997,0.18369801692941784,0.45782515748409625,0.8113827998860783,0.1886172010629144,0.0,0.18369807611802713,0.45782515748409625,0.4578255718043613
2048,block_moment,0,0,0,0.25,64,1,11.397942647692028,0.0,11.397942647692028,11.397942647692028,9.964364741928875,0.1633144550851065,0.44159124399833005,0.8314462856810895,0.16855371533096158,0.0,0.16331448812060934,0.44159124399833005,0.4415914752468499
2048,block_moment,0,0,0,0.5,64,1,11.044670017721693,0.0,11.044670017721693,11.044670017721693,10.223898532800376,0.21402934433049986,0.5624784119871216,0.8692997409186015,0.13070026001861107,0.0,0.21402938080720094,0.5624784119871216,0.5624786673240291
2048,block_paper,0,0,0,0.125,64,1,13.118929139303885,0.0,13.118929139303885,13.118929139303885,9.935593439964578,0.181292853723132,0.5798065597458302,0.7854342712699214,0.21456572960804415,0.0,0.18129507364010014,0.5798065597458302,0.5798220991646071
2048,block_paper,0,0,0,0.25,64,1,12.333052804797568,0.0,12.333052804797568,12.333052804797568,9.763111638836563,0.2544913559000395,0.7481670302856936,0.8084669845245246,0.19153301601770745,0.0,0.25449500873194414,0.7481670302856936,0.748192600109026
2048,block_paper,0,0,0,0.5,64,1,11.516494095072172,0.0,11.516494095072172,11.516494095072172,9.807414913317189,0.3764603870541925,0.8730328338789257,0.8457768630746397,0.15422313805833082,0.0,0.3764664900192258,0.8730328338789257,0.8730755546341586
2048,dense,0,0,0,0,0,1,10.3766366781855,0.0,10.3766366781855,10.3766366781855,6.597001390065998,0.9999842775094782,1.0,0.9999999997782565,0.0,0.0,,,
2048,iid,64,0,0,0,0,2,10.872465003443075,0.009117202558216242,10.86334780088486,10.881582206001292,7.200280761462636,0.01112721594169595,0.05378556693773618,0.7304684269724281,0.3234078604880432,0.0,,,
2048,iid,128,0,0,0,0,5,10.586148637758338,0.02390215139964693,10.550099292504845,10.610264785168257,7.247833017259836,0.018368398785253728,0.08502937790833555,0.7847625550115481,0.2680229322754756,0.0,,,
2048,iid,512,0,0,0,0,5,10.44374264348978,0.013909869455815875,10.422311034950484,10.465267211615076,7.114450839580968,0.04676006012549615,0.19044704414672997,0.8782999707008934,0.17135827656172858,0.0,,,
2048,iid,1024,0,0,0,0,5,10.400823983646761,0.01153049657994932,10.378298941310417,10.409200713450577,7.264968374930322,0.07112963130495786,0.26699774180039,0.9152268907543094,0.13211826125473072,0.0,,,
2048,ising,128,1.0,0.0,0,0,1,10.866637507894444,0.0,10.866637507894444,10.866637507894444,9.954380691749975,0.013036947776331851,0.06258509463768598,0.7445123125577257,0.32032754798447494,0.5342590240650766,,,
2048,ising,128,1.0,4.0,0,0,2,10.900395494474214,0.02681624984781994,10.873579244626393,10.927211744322033,9.831985747790895,0.013039927337805811,0.06262445024518509,0.7443356958046068,0.320481634902535,0.5342080982518382,,,
2048,ising,128,1.0,16.0,0,0,1,10.87137802052943,0.0,10.87137802052943,10.87137802052943,9.809168796055019,0.013036998706065424,0.0626062803744931,0.7443901926079499,0.3203952942567412,0.5342577708818551,,,
2048,ising,128,4.0,4.0,0,0,5,10.651112404882527,0.034287815103623866,10.608648400537461,10.703777077381599,9.893900811020284,0.018096222787224756,0.08394235232623677,0.7827917070039326,0.2712206409268436,0.30266126865504445,,,
2048,ising,512,1.0,4.0,0,0,5,10.48855677510787,0.030816323017304283,10.432662832450308,10.521944920587137,9.949779962515459,0.03455007240446221,0.14807791722320476,0.8482059348773744,0.2155110692339284,0.5346567219344988,,,
2048,ising,512,4.0,4.0,0,0,5,10.425767014044402,0.015772460582286894,10.399860819091293,10.444642052547497,10.175527326390148,0.046189280346567094,0.18856025856590766,0.8770622203703083,0.17374589936475138,0.3029042989891466,,,
2048,ising,512,4.0,16.0,0,0,5,10.430172396493681,0.022683917752829227,10.401971530973892,10.468959189134155,10.095266490988433,0.046189887786875904,0.1885547919472482,0.877067287193079,0.17375081301378528,0.302882440847766,,,
2048,ising,1024,4.0,4.0,0,0,5,10.40135781909977,0.007541366503656304,10.390209777702484,10.412177451457909,10.121453652204945,0.07035841817896592,0.2647416118646216,0.9142725561811987,0.13410912668443328,0.30293559511206003,,,
2048,oracle,0,0,0,0.125,0,1,10.887233727491514,0.0,10.887233727491514,10.887233727491514,7.499778616940603,0.11292413759057894,0.26987411447233406,0.790052673524423,0.2099473273285964,0.0,0.11292420228510537,0.26987411447233406,0.26987456733401904
2048,oracle,0,0,0,0.25,0,3,10.668219543146911,0.0437054006926548,10.620330308435186,10.72600509686101,7.537556504597887,0.13583112308842632,0.3545513614268424,0.8223167182323301,0.17768328242343,0.0,0.13583118881531223,0.3545513614268424,0.3545518215150437
2048,oracle,0,0,0,0.5,0,1,10.506960203664146,0.0,10.506960203664146,10.506960203664146,7.473672061925754,0.17200703223721095,0.46004734736364356,0.8630379845632151,0.13696201584597084,0.0,0.17200709796409686,0.46004734736364356,0.4600478074518449
2048,oracle_topk,0,0,0,0.125,0,1,10.576711805952344,0.0,10.576711805952344,10.576711805952344,7.523011921206489,0.1544621378560082,0.30344151370347894,0.8472438940190754,0.15275610758267466,0.0,0.15446220667997249,0.30344151370347894,0.30344199547122885
2048,oracle_topk,0,0,0,0.25,0,1,10.426946702389731,0.0,10.426946702389731,10.426946702389731,7.952555581228808,0.26927994170323916,0.5198361054056962,0.9069839738908091,0.09301602738612148,0.0,0.26928002601259543,0.5198361054056962,0.5198366955711902
2048,oracle_topk,0,0,0,0.5,0,1,10.368306218937505,0.0,10.368306218937505,10.368306218937505,7.776249191956595,0.5064205022867616,0.8020625137400162,0.9620437184016087,0.03795628245920636,0.0,0.5064206702172345,0.8020625137400162,0.8020636892533263
2048,sdpa,0,0,0,0,0,1,10.373559499724413,0.0,10.373559499724413,10.373559499724413,2.895539320074022,1.0,1.0,0.0,0.0,1.0,,,
8192,block_mean,0,0,0,0.125,64,1,10.190924780035479,0.0,10.190924780035479,10.190924780035479,19.116730286972597,0.06331073792418736,0.22430832096783962,0.8055341843144215,0.1944658179409522,0.0,0.06333391600765435,0.22430832096783962,0.2244705675521086
8192,block_mean,0,0,0,0.25,16,1,11.510431410729979,0.0,11.510431410729979,11.510431410729979,19.135886879637837,0.11859958483356199,0.3750591375497932,0.7891739447991962,0.2108260578658831,0.0,0.11862282558380993,0.3750591375497932,0.37522182280152877
8192,block_mean,0,0,0,0.25,64,3,9.71608364063956,0.013588436377927511,9.705947955371022,9.735290766066756,19.557990100312356,0.09150099185741928,0.3154163796105627,0.8443664841165411,0.1556335184278497,0.0,0.09152417733415819,0.3154163796105627,0.31557867794773503
8192,block_mean,0,0,0,0.5,64,3,9.559601616995186,0.004303824890359727,9.554722819817599,9.565192581322671,19.59944554255344,0.13323465594339373,0.4263229763911601,0.8831715185679347,0.11682848413693137,0.0,0.13325785004561652,0.4263229763911601,0.42648533510671965
8192,block_moment,0,0,0,0.125,64,1,10.435132509880459,0.0,10.435132509880459,10.435132509880459,19.669550993014127,0.06516084806591331,0.2283754485645933,0.8112503762462265,0.18874962610408103,0.0,0.06518405343407425,0.2283754485645933,0.2285378861417199
8192,block_moment,0,0,0,0.25,16,1,11.570074122892589,0.0,11.570074122892589,11.570074122892589,19.734538808232173,0.11664408852961211,0.3687360097115654,0.7907333646934214,0.2092666372788829,0.0,0.11666731783789161,0.3687360097115654,0.3688986148695219
8192,block_moment,0,0,0,0.25,64,1,10.013336132497077,0.0,10.013336132497077,10.013336132497077,20.239679276710376,0.0935722631028381,0.3188821076648869,0.8492034459458886,0.15079655626773492,0.0,0.0935954763923618,0.3188821076648869,0.3190446006915528
8192,block_moment,0,0,0,0.5,64,1,9.842135074750384,0.0,9.842135074750384,9.842135074750384,20.014375246828422,0.13549133748074202,0.4286708154455584,0.8866124543572023,0.11338754843286768,0.0,0.1355145564032348,0.4286708154455584,0.42883334790300776
8192,block_paper,0,0,0,0.125,64,1,11.955052172762569,0.0,11.955052172762569,11.955052172762569,18.948625232791528,0.11947856124923302,0.5138879409071352,0.7546332784224346,0.24536672410821275,0.0,0.11969176032717006,0.5138879409071352,0.5153803344526945
8192,block_paper,0,0,0,0.25,64,1,11.166318052662135,0.0,11.166318052662135,11.166318052662135,19.274579284945503,0.20082748671278355,0.714850294277852,0.7883530452686717,0.21164695674018558,0.0,0.20120100308308167,0.714850294277852,0.7174649088699387
8192,block_paper,0,0,0,0.5,64,1,10.273600613179308,0.0,10.273600613179308,10.273600613179308,19.217317558592185,0.33476986173207085,0.8559284882915809,0.8358446119569375,0.1641553906430047,0.0,0.3354084853423836,0.8559284882915809,0.8603988535637701
8192,dense,0,0,0,0,0,1,9.423514941549955,0.0,9.423514941549955,9.423514941549955,12.931087327888235,0.9984135392154802,1.0,1.000000001491225,0.0,0.0,,,
8192,iid,64,0,0,0,0,2,9.837432682653311,0.07107732307253745,9.766355359580775,9.90851000572585,13.891513178939931,0.002998203415210567,0.015234862586282441,0.7070102783667002,0.3465479037407758,0.0,,,
8192,iid,128,0,0,0,0,5,9.61825137269758,0.04487203440756329,9.544498687317114,9.665160548470546,14.068705033697189,0.005049265046246225,0.025146145516704143,0.7570952289809828,0.2945999137087104,0.0,,,
8192,iid,512,0,0,0,0,5,9.47325003799175,0.02554966554677171,9.440437757523615,9.511331828524408,14.115903968643398,0.013798688096430032,0.06427511374203813,0.8440154405416078,0.20259974383925078,0.0,,,
8192,iid,1024,0,0,0,0,5,9.442569085918453,0.0076581392787873435,9.429125038142882,9.450383755300201,14.075311147049069,0.022188794188727174,0.0985538915403462,0.8805602150980295,0.16324619459767184,0.0,,,
8192,ising,128,1.0,4.0,0,0,2,9.796593924591793,0.08896891303334087,9.707625011558452,9.885562837625134,18.95726738066878,0.0035421136674069287,0.017997721521747497,0.7198747580689433,0.3442001908305905,0.5241376472598253,,,
8192,ising,128,4.0,4.0,0,0,5,9.638415394063164,0.07368897965180882,9.531272554853826,9.732880411356476,19.24927136846818,0.004969839478181573,0.02477771019012893,0.7554564829050963,0.297504130471082,0.2876067010644571,,,
8192,ising,512,1.0,4.0,0,0,5,9.527832788243277,0.03606331185297846,9.489778548251664,9.579629176783982,19.347547392919658,0.009916223413963202,0.04753808727814664,0.8156026689280268,0.24482065138831136,0.5246842333991524,,,
8192,ising,512,4.0,4.0,0,0,5,9.485348467144389,0.03150892809582757,9.447706762112244,9.540760134419738,19.632415361795573,0.013618804756402479,0.06353310156115935,0.8427725603399311,0.20496011106553766,0.28791860486197124,,,
8192,ising,512,4.0,16.0,0,0,5,9.462231506234849,0.021257230769053594,9.433335153678534,9.499481315147689,19.635371236363426,0.013617901545017517,0.0635322468989266,0.8427759400541185,0.20496842704111864,0.28791999667851736,,,
8192,ising,1024,4.0,4.0,0,0,5,9.458565250109029,0.009720791096658535,9.448521079143196,9.475364402752811,19.520047312323005,0.021913200014981444,0.09748387118302129,0.8795695580786005,0.16523640398538972,0.28790679081056236,,,
8192,oracle,0,0,0,0.125,0,1,9.628756542722504,0.0,9.628756542722504,9.628756542722504,14.96719440817833,0.051061985032559015,0.17776170053297802,0.8006011332812099,0.19939886887247363,0.0,0.05108522754310979,0.17776170053297802,0.17792439810683344
8192,oracle,0,0,0,0.25,0,3,9.474042847893259,0.01594072818509972,9.454657251379444,9.493701046717105,14.935733012699833,0.07163692292588296,0.25363394100902426,0.8428410655201694,0.15715893695406044,0.0,0.07166016907439293,0.25363394100902426,0.2537966640485941
8192,oracle,0,0,0,0.5,0,1,9.40722177541949,0.0,9.40722177541949,9.40722177541949,14.792376577155665,0.10286081346878055,0.34989465671875314,0.8847267546890569,0.11527324827347045,0.0,0.10288406214039125,0.34989465671875314,0.35005739742002806
8192,oracle_topk,0,0,0,0.125,0,1,9.38744329060328,0.0,9.38744329060328,9.38744329060328,15.175373109756038,0.13067834334402065,0.2991197033219962,0.8988912267682497,0.101108776097698,0.0,0.13070161243514425,0.2991197033219962,0.29928258695986143
8192,oracle_topk,0,0,0,0.25,0,1,9.369137712194293,0.0,9.369137712194293,9.369137712194293,15.009279510937631,0.25388670113288925,0.5078626288479713,0.9443182053787279,0.05568179744367236,0.0,0.2539101367486611,0.5078626288479713,0.5080266781583742
8192,oracle_topk,0,0,0,0.5,0,1,9.399331913336743,0.0,9.399331913336743,9.399331913336743,14.82791896094568,0.5008352342984479,0.7871878065250534,0.9799326258389989,0.020067377110746878,0.0,0.5011864722760584,0.7871878065250534,0.7896464723683269
8192,sdpa,0,0,0,0,0,1,9.41898175776718,0.0,9.41898175776718,9.41898175776718,5.877599509200081,1.0,1.0,0.0,0.0,1.0,,,
