context,ffn,ffn_samples,attention,seeds,ppl_mean,ppl_sd,mean_nll,prefill_seconds_mean,decode_seconds_mean,peak_allocated_bytes_max,unique_V_per_head,unique_V_GQA_union
2048,and,0,sdpa,1,11.19169765935031,0.0,2.4151722230017185,2.6746785019058734,4.002083633095026,2787091968,1.0,1.0
2048,and,0,tree,3,11.262769196171789,0.014127661368377209,2.4215017383297286,2.6572193854954094,16.427699932052445,2787091968,0.04608174817887019,0.18701779785605901
2048,and,4,sdpa,3,12.389192375623285,0.08405111709158325,2.5168014615774155,59.065967748252056,28.792080051343266,2787091968,1.0,1.0
2048,and,4,tree,3,12.41697690727326,0.07654180519777344,2.5190456472337246,60.583741483123354,41.34969972772524,2787091968,0.04634924146319293,0.1883681623474068
2048,and,16,dense,3,11.507328306199028,0.05382655377964599,2.44297311330835,237.72445885743946,112.32823227004458,2787091968,1.0,1.0
2048,and,16,sdpa,3,11.499448110116631,0.058265015493338054,2.4422861772278943,234.31440344072567,105.98249724864338,2787091968,1.0,1.0
2048,and,16,tree,3,11.563553359670129,0.050952823475833096,2.4478484764695168,235.81309455563314,117.43038149589363,2787091968,0.046138016587353566,0.18732495289981532
2048,original,0,dense,1,10.3766366781855,0.0,2.3395568057894707,0.812438934110105,4.0986988071817905,2599484928,1.0,1.0
2048,original,0,sdpa,1,10.373559499724413,0.0,2.3392602130770683,0.7360924039967358,2.993009068071842,2599484928,1.0,1.0
2048,original,0,tree,3,10.423923518983152,0.013483232692448777,2.344102665781975,0.7566775196076682,15.114419395647323,2599484928,0.046763621834472045,0.19045915803621496
8192,and,0,sdpa,1,10.29645816966662,0.0,2.3317999690771103,5.168285032268614,7.9317750269547105,2788652544,1.0,1.0
8192,and,0,tree,3,10.362523631462729,0.015271640185315771,2.3381947154800096,5.119537745059158,35.77860957376348,2788652544,0.01360102439513854,0.06333450119099368
8192,and,4,sdpa,3,11.273462459347694,0.15049756146956275,2.4223629186550775,118.58805803194021,58.5194745240733,2788652544,1.0,1.0
8192,and,4,tree,3,11.353951122829423,0.08657474923693702,2.4295367573698363,121.6680410062739,86.45012161050302,2788652544,0.013708539408935108,0.06396525900543892
8192,and,16,dense,3,10.590460194397155,0.04118220394000804,2.359946067134539,476.0390426963568,214.572723331706,2788652544,1.0,1.0
8192,and,16,sdpa,3,10.584119602711283,0.03979876409365307,2.3593476563692093,469.1474303684663,207.3984853909351,2788652544,1.0,1.0
8192,and,16,tree,3,10.65836088457248,0.05753201944142898,2.366330109536648,471.5404954662857,240.1159097875934,2788652544,0.01363604350768995,0.06353287787361035
8192,original,0,dense,1,9.423514941549955,0.0,2.2432081550359726,1.3152107107453048,8.008782077115029,2601113088,1.0,1.0
8192,original,0,sdpa,1,9.41898175776718,0.0,2.2427269890904427,1.3764303212519735,6.272382678929716,2601113088,1.0,1.0
8192,original,0,tree,3,9.491615462893579,0.01918979083148529,2.250406781832377,1.2996116294525564,33.07972027276022,2601113088,0.013800634052538056,0.06429145960905062
